<?xml version="1.0" encoding="UTF-8"?>
<!-- Generated by eXe - http://exelearning.net -->
<manifest identifier="eXeREA_01_v0162c6c2ea27cdcf5f9f1" xmlns="http://www.imsproject.org/xsd/imscp_rootv1p1p2" xmlns:adlcp="http://www.adlnet.org/xsd/adlcp_rootv1p2" xmlns:imsmd="http://www.imsglobal.org/xsd/imsmd_v1p2" xmlns:xsi="http://www.w3.org/2001/XMLSchema-instance" xsi:schemaLocation="http://www.imsproject.org/xsd/imscp_rootv1p1p2 imscp_rootv1p1p2.xsd http://www.imsglobal.org/xsd/imsmd_rootv1p2p1 imsmd_rootv1p2p1.xsd http://www.adlnet.org/xsd/adlcp_rootv1p2 adlcp_rootv1p2.xsd" > 
<metadata> 
 <schema>ADL SCORM</schema> 
 <schemaversion>1.2</schemaversion> 
 <adlcp:location>imslrm.xml</adlcp:location> 
</metadata> 
<organizations default="eXeREA_01_v0162c6c2ea27cdcf5f9f2">  
    <organization identifier="eXeREA_01_v0162c6c2ea27cdcf5f9f2" structure="hierarchical">
        <title>Retoque fotográfico. Crear y compartir, una forma de vivir</title>
<item identifier="ITEM-eXeREA_01_v0162c6c2ea27cdcf5f9f3" isvisible="true" identifierref="RES-eXeREA_01_v0162c6c2ea27cdcf5f9f4">
    <title>Retoque fotográfico. Crear y compartir, una forma de vivir</title>
<item identifier="ITEM-eXeREA_01_v0162c6c2ea27cdcf5f9f5" isvisible="true" identifierref="RES-eXeREA_01_v0162c6c2ea27cdcf5f9f6">
    <title>SESIÓN 1. Propiedad Intelectual y Licencias de Uso. Comparte legal.</title>
</item>
<item identifier="ITEM-eXeREA_01_v0162c6c2ea27cdcf5fa07" isvisible="true" identifierref="RES-eXeREA_01_v0162c6c2ea27cdcf5fa08">
    <title>SESIÓN 2. Tipos de Imágenes</title>
</item>
<item identifier="ITEM-eXeREA_01_v0162c6c2ea27cdcf5fa19" isvisible="true" identifierref="RES-eXeREA_01_v0162c6c2ea27cdcf5fa1a">
    <title>SESIÓN 3. Edición de Imágenes con GIMP</title>
<item identifier="ITEM-eXeREA_01_v0162c6c2ea27cdcf5fa1b" isvisible="true" identifierref="RES-eXeREA_01_v0162c6c2ea27cdcf5fa1c">
    <title>3.1. Conoce GIMP</title>
</item>
<item identifier="ITEM-eXeREA_01_v0162c6c2ea27cdcf5fa1d" isvisible="true" identifierref="RES-eXeREA_01_v0162c6c2ea27cdcf5fa1e">
    <title>3.2. Conoce lo básico</title>
<item identifier="ITEM-eXeREA_01_v0162c6c2ea27cdcf5fa1f" isvisible="true" identifierref="RES-eXeREA_01_v0162c6c2ea27cdcf5fa110">
    <title>Tutorial 1 - Herramientas de pintura 1</title>
</item>
<item identifier="ITEM-eXeREA_01_v0162c6c2ea27cdcf5fa211" isvisible="true" identifierref="RES-eXeREA_01_v0162c6c2ea27cdcf5fa212">
    <title>Tutorial 2 - Herramientas de pintura 2</title>
</item>
<item identifier="ITEM-eXeREA_01_v0162c6c2ea27cdcf5fa213" isvisible="true" identifierref="RES-eXeREA_01_v0162c6c2ea27cdcf5fa214">
    <title>Tutorial 3 - Herramientas de selección 1</title>
</item>
<item identifier="ITEM-eXeREA_01_v0162c6c2ea27cdcf5fa215" isvisible="true" identifierref="RES-eXeREA_01_v0162c6c2ea27cdcf5fa216">
    <title>Tutorial 4 - Herramientas de selección 2</title>
</item>
<item identifier="ITEM-eXeREA_01_v0162c6c2ea27cdcf5fa217" isvisible="true" identifierref="RES-eXeREA_01_v0162c6c2ea27cdcf5fa218">
    <title>Tutorial 5 - Herramientas de selección 3</title>
</item>
<item identifier="ITEM-eXeREA_01_v0162c6c2ea27cdcf5fa219" isvisible="true" identifierref="RES-eXeREA_01_v0162c6c2ea27cdcf5fa21a">
    <title>Tutorial 6 - Cambio de color</title>
</item>
<item identifier="ITEM-eXeREA_01_v0162c6c2ea27cdcf5fa21b" isvisible="true" identifierref="RES-eXeREA_01_v0162c6c2ea27cdcf5fa21c">
    <title>Tutorial 7 - Distorsiones fotográficas 1</title>
</item>
<item identifier="ITEM-eXeREA_01_v0162c6c2ea27cdcf5fa31d" isvisible="true" identifierref="RES-eXeREA_01_v0162c6c2ea27cdcf5fa31e">
    <title>Tutorial 8 - Distorsiones fotográficas 2</title>
</item>
</item>
<item identifier="ITEM-eXeREA_01_v0162c6c2ea27cdcf5fa31f" isvisible="true" identifierref="RES-eXeREA_01_v0162c6c2ea27cdcf5fa320">
    <title>3.3. TAREA 6 - Limpia tu entorno</title>
</item>
</item>
<item identifier="ITEM-eXeREA_01_v0162c6c2ea27cdcf5fa321" isvisible="true" identifierref="RES-eXeREA_01_v0162c6c2ea27cdcf5fa322">
    <title>SESIÓN 4. Animaciones</title>
</item>
<item identifier="ITEM-eXeREA_01_v0162c6c2ea27cdcf5fa323" isvisible="true" identifierref="RES-eXeREA_01_v0162c6c2ea27cdcf5fa324">
    <title>SESIÓN 5-6. Proyecto. Cuida tu Entorno</title>
</item>
<item identifier="ITEM-eXeREA_01_v0162c6c2ea27cdcf5fa425" isvisible="true" identifierref="RES-eXeREA_01_v0162c6c2ea27cdcf5fa426">
    <title>Guía didáctica</title>
</item>
<item identifier="ITEM-eXeREA_01_v0162c6c2ea27cdcf5fa427" isvisible="true" identifierref="RES-eXeREA_01_v0162c6c2ea27cdcf5fa428">
    <title>Créditos y fichero fuente</title>
</item>
</item>
  </organization>
</organizations>
<resources>
  <resource identifier="RES-eXeREA_01_v0162c6c2ea27cdcf5f9f4" type="webcontent" adlcp:scormtype="sco" href="index.html"> 
    <file href="index.html"/> 
    <file href="exe_html5.js"/>
    <file href="Unidad_5.png"/>
    <dependency identifierref="COMMON_FILES"/>
  </resource>
  <resource identifier="RES-eXeREA_01_v0162c6c2ea27cdcf5f9f6" type="webcontent" adlcp:scormtype="sco" href="sesin_1_propiedad_intelectual_y_licencias_de_uso_comparte_legal.html"> 
    <file href="sesin_1_propiedad_intelectual_y_licencias_de_uso_comparte_legal.html"/> 
    <file href="exe_html5.js"/>
    <file href="by-nc-nd.eu.png"/>
    <file href="cc-zero.png"/>
    <file href="15079856406_c18e632164_w.jpg"/>
    <file href="by-sa.png"/>
    <file href="Google2.png"/>
    <file href="800px-Creative_Commons_Semaforoa.png"/>
    <file href="by-nc-sa.eu.png"/>
    <file href="Estas_pensando_en_realizar_un_trabajo,_yquieres_usar_imagenes.png"/>
    <file href="Libre_del_copyright.png"/>
    <file href="Google3.png"/>
    <file href="by-nd.png"/>
    <file href="by.png"/>
    <file href="Google1.png"/>
    <file href="retor_adultos_conbocadillo.gif"/>
    <file href="Buscar_imagen_CC.png"/>
    <file href="by-nc.png"/>
    <file href="Google_4.png"/>
    <file href="Preguntas_sobre_Licencias.html"/>
    <file href="obras_protegidas2.png"/>
    <file href="exe_lightbox.css"/>
    <file href="exe_lightbox.js"/>
    <file href="exe_lightbox_default_thumb.png"/>
    <file href="exe_lightbox_loader.gif"/>
    <file href="exe_lightbox_sprite.png"/>
    <file href="exe_lightbox_sprite_next.png"/>
    <file href="exe_lightbox_sprite_prev.png"/>
    <file href="exe_lightbox_sprite_x.png"/>
    <file href="exe_lightbox_sprite_y.png"/>
    <file href="exe_effects.css"/>
    <file href="exe_effects.js"/>
    <file href="udl-character-1.gif"/>
    <file href="udl-character-2.gif"/>
    <file href="udl-character-3.gif"/>
    <file href="udl-character-4.gif"/>
    <file href="udl-content.css"/>
    <file href="udl-content.js"/>
    <file href="udl-icons-sm.png"/>
    <file href="udl-icons.png"/>
    <file href="exequextaudio.png"/>
    <file href="exequextcursor.gif"/>
    <file href="exequextfirstr.png"/>
    <file href="exequextfull.png"/>
    <file href="exequexthits.png"/>
    <file href="exequextlastr.png"/>
    <file href="exequextlive.png"/>
    <file href="exequextlost.png"/>
    <file href="exequextmin.png"/>
    <file href="exequextmoveon.png"/>
    <file href="exequextnextr.png"/>
    <file href="exequextnormal.png"/>
    <file href="exequextnumber.png"/>
    <file href="exequextone.png"/>
    <file href="exequextpause.png"/>
    <file href="exequextplayvideo.png"/>
    <file href="exequextpreviousr.png"/>
    <file href="exequextreload.png"/>
    <file href="exequextreply.png"/>
    <file href="exequextrerrors.png"/>
    <file href="exequextroscomin.png"/>
    <file href="exequextscore.png"/>
    <file href="exequextsq.png"/>
    <file href="exequexttime.png"/>
    <file href="exequexttwo.png"/>
    <file href="exequextvideo.png"/>
    <file href="exequextwon.png"/>
    <file href="gameqp-activity.css"/>
    <file href="selecciona-activity.js"/>
    <file href="seleccionaHome.png"/>
    <file href="seleccionaIcon.png"/>
    <dependency identifierref="COMMON_FILES"/>
  </resource>
  <resource identifier="RES-eXeREA_01_v0162c6c2ea27cdcf5fa08" type="webcontent" adlcp:scormtype="sco" href="sesin_2_tipos_de_imgenes.html"> 
    <file href="sesin_2_tipos_de_imgenes.html"/> 
    <file href="exe_html5.js"/>
    <file href="juancalero2.png"/>
    <file href="resolucion.png"/>
    <file href="juancalero1.png"/>
    <file href="retor_adultos_conbocadillo.gif"/>
    <file href="Lista de Cotejo - TAREA 5.pdf"/>
    <file href="exe_tooltips.js"/>
    <file href="imagesloaded.pkg.min.js"/>
    <file href="jquery.qtip.min.css"/>
    <file href="jquery.qtip.min.js"/>
    <file href="exe_effects.css"/>
    <file href="exe_effects.js"/>
    <file href="udl-character-1.gif"/>
    <file href="udl-character-2.gif"/>
    <file href="udl-character-3.gif"/>
    <file href="udl-character-4.gif"/>
    <file href="udl-content.css"/>
    <file href="udl-content.js"/>
    <file href="udl-icons-sm.png"/>
    <file href="udl-icons.png"/>
    <file href="exequextaudio.png"/>
    <file href="exequextcursor.gif"/>
    <file href="exequextfirstr.png"/>
    <file href="exequextfull.png"/>
    <file href="exequexthits.png"/>
    <file href="exequextlastr.png"/>
    <file href="exequextlive.png"/>
    <file href="exequextlost.png"/>
    <file href="exequextmin.png"/>
    <file href="exequextmoveon.png"/>
    <file href="exequextnextr.png"/>
    <file href="exequextnormal.png"/>
    <file href="exequextnumber.png"/>
    <file href="exequextone.png"/>
    <file href="exequextpause.png"/>
    <file href="exequextplayvideo.png"/>
    <file href="exequextpreviousr.png"/>
    <file href="exequextreload.png"/>
    <file href="exequextreply.png"/>
    <file href="exequextrerrors.png"/>
    <file href="exequextroscomin.png"/>
    <file href="exequextscore.png"/>
    <file href="exequextsq.png"/>
    <file href="exequexttime.png"/>
    <file href="exequexttwo.png"/>
    <file href="exequextvideo.png"/>
    <file href="exequextwon.png"/>
    <file href="gameqp-activity.css"/>
    <file href="quext-activity.js"/>
    <file href="quextHome.png"/>
    <file href="quextIcon.png"/>
    <dependency identifierref="COMMON_FILES"/>
  </resource>
  <resource identifier="RES-eXeREA_01_v0162c6c2ea27cdcf5fa1a" type="webcontent" adlcp:scormtype="sco" href="sesin_3_edicin_de_imgenes_con_gimp.html"> 
    <file href="sesin_3_edicin_de_imgenes_con_gimp.html"/> 
    <file href="exe_html5.js"/>
    <dependency identifierref="COMMON_FILES"/>
  </resource>
  <resource identifier="RES-eXeREA_01_v0162c6c2ea27cdcf5fa1c" type="webcontent" adlcp:scormtype="sco" href="31_conoce_gimp.html"> 
    <file href="31_conoce_gimp.html"/> 
    <file href="exe_html5.js"/>
    <file href="Pantalla_inicio_Gimp.png"/>
    <dependency identifierref="COMMON_FILES"/>
  </resource>
  <resource identifier="RES-eXeREA_01_v0162c6c2ea27cdcf5fa1e" type="webcontent" adlcp:scormtype="sco" href="32_conoce_lo_bsico.html"> 
    <file href="32_conoce_lo_bsico.html"/> 
    <file href="exe_html5.js"/>
    <dependency identifierref="COMMON_FILES"/>
  </resource>
  <resource identifier="RES-eXeREA_01_v0162c6c2ea27cdcf5fa110" type="webcontent" adlcp:scormtype="sco" href="tutorial_1__herramientas_de_pintura_1.html"> 
    <file href="tutorial_1__herramientas_de_pintura_1.html"/> 
    <file href="exe_html5.js"/>
    <file href="pincel.1.png"/>
    <file href="aerografo.png"/>
    <file href="texto.png"/>
    <dependency identifierref="COMMON_FILES"/>
  </resource>
  <resource identifier="RES-eXeREA_01_v0162c6c2ea27cdcf5fa212" type="webcontent" adlcp:scormtype="sco" href="tutorial_2__herramientas_de_pintura_2.html"> 
    <file href="tutorial_2__herramientas_de_pintura_2.html"/> 
    <file href="exe_html5.js"/>
    <file href="lapiz.png"/>
    <file href="elipse.png"/>
    <file href="tecla_mayusculas.png"/>
    <file href="texto.png"/>
    <file href="relleno.png"/>
    <dependency identifierref="COMMON_FILES"/>
  </resource>
  <resource identifier="RES-eXeREA_01_v0162c6c2ea27cdcf5fa214" type="webcontent" adlcp:scormtype="sco" href="tutorial_3__herramientas_de_seleccin_1.html"> 
    <file href="tutorial_3__herramientas_de_seleccin_1.html"/> 
    <file href="exe_html5.js"/>
    <file href="varita.png"/>
    <file href="tecla_mayusculas.png"/>
    <dependency identifierref="COMMON_FILES"/>
  </resource>
  <resource identifier="RES-eXeREA_01_v0162c6c2ea27cdcf5fa216" type="webcontent" adlcp:scormtype="sco" href="tutorial_4__herramientas_de_seleccin_2.html"> 
    <file href="tutorial_4__herramientas_de_seleccin_2.html"/> 
    <file href="exe_html5.js"/>
    <file href="clonado.png"/>
    <file href="recorte.png"/>
    <file href="difuminado.png"/>
    <dependency identifierref="COMMON_FILES"/>
  </resource>
  <resource identifier="RES-eXeREA_01_v0162c6c2ea27cdcf5fa218" type="webcontent" adlcp:scormtype="sco" href="tutorial_5__herramientas_de_seleccin_3.html"> 
    <file href="tutorial_5__herramientas_de_seleccin_3.html"/> 
    <file href="exe_html5.js"/>
    <file href="tijeras.png"/>
    <file href="escalado.png"/>
    <file href="mover.png"/>
    <dependency identifierref="COMMON_FILES"/>
  </resource>
  <resource identifier="RES-eXeREA_01_v0162c6c2ea27cdcf5fa21a" type="webcontent" adlcp:scormtype="sco" href="tutorial_6__cambio_de_color.html"> 
    <file href="tutorial_6__cambio_de_color.html"/> 
    <file href="exe_html5.js"/>
    <file href="borrador.png"/>
    <file href="mascara.png"/>
    <dependency identifierref="COMMON_FILES"/>
  </resource>
  <resource identifier="RES-eXeREA_01_v0162c6c2ea27cdcf5fa21c" type="webcontent" adlcp:scormtype="sco" href="tutorial_7__distorsiones_fotogrficas_1.html"> 
    <file href="tutorial_7__distorsiones_fotogrficas_1.html"/> 
    <file href="exe_html5.js"/>
    <file href="perspectiva.png"/>
    <file href="distorsion_trapezoidal.jpg"/>
    <dependency identifierref="COMMON_FILES"/>
  </resource>
  <resource identifier="RES-eXeREA_01_v0162c6c2ea27cdcf5fa31e" type="webcontent" adlcp:scormtype="sco" href="tutorial_8__distorsiones_fotogrficas_2.html"> 
    <file href="tutorial_8__distorsiones_fotogrficas_2.html"/> 
    <file href="exe_html5.js"/>
    <file href="ojo_de_pez_previa.jpg"/>
    <dependency identifierref="COMMON_FILES"/>
  </resource>
  <resource identifier="RES-eXeREA_01_v0162c6c2ea27cdcf5fa320" type="webcontent" adlcp:scormtype="sco" href="33_tarea_6__limpia_tu_entorno.html"> 
    <file href="33_tarea_6__limpia_tu_entorno.html"/> 
    <file href="exe_html5.js"/>
    <file href="exe-rubrics.css"/>
    <file href="exe-rubrics.js"/>
    <dependency identifierref="COMMON_FILES"/>
  </resource>
  <resource identifier="RES-eXeREA_01_v0162c6c2ea27cdcf5fa322" type="webcontent" adlcp:scormtype="sco" href="sesin_4_animaciones.html"> 
    <file href="sesin_4_animaciones.html"/> 
    <file href="exe_html5.js"/>
    <file href="retor_adultos_conbocadillo.gif"/>
    <file href="Lista_de_Cotejo_TAREA_7.pdf"/>
    <file href="udl-character-1.gif"/>
    <file href="udl-character-2.gif"/>
    <file href="udl-character-3.gif"/>
    <file href="udl-character-4.gif"/>
    <file href="udl-content.css"/>
    <file href="udl-content.js"/>
    <file href="udl-icons-sm.png"/>
    <file href="udl-icons.png"/>
    <dependency identifierref="COMMON_FILES"/>
  </resource>
  <resource identifier="RES-eXeREA_01_v0162c6c2ea27cdcf5fa324" type="webcontent" adlcp:scormtype="sco" href="sesin_56_proyecto_cuida_tu_entorno.html"> 
    <file href="sesin_56_proyecto_cuida_tu_entorno.html"/> 
    <file href="exe_html5.js"/>
    <file href="retor_adultos_conbocadillo.gif"/>
    <file href="udl-character-1.gif"/>
    <file href="udl-character-2.gif"/>
    <file href="udl-character-3.gif"/>
    <file href="udl-character-4.gif"/>
    <file href="udl-content.css"/>
    <file href="udl-content.js"/>
    <file href="udl-icons-sm.png"/>
    <file href="udl-icons.png"/>
    <file href="exe-rubrics.css"/>
    <file href="exe-rubrics.js"/>
    <dependency identifierref="COMMON_FILES"/>
  </resource>
  <resource identifier="RES-eXeREA_01_v0162c6c2ea27cdcf5fa426" type="webcontent" adlcp:scormtype="sco" href="gua_didctica.html"> 
    <file href="gua_didctica.html"/> 
    <file href="exe_html5.js"/>
    <file href="udl-character-1.gif"/>
    <file href="udl-character-2.gif"/>
    <file href="udl-character-3.gif"/>
    <file href="udl-character-4.gif"/>
    <file href="udl-content.css"/>
    <file href="udl-content.js"/>
    <file href="udl-icons-sm.png"/>
    <file href="udl-icons.png"/>
    <dependency identifierref="COMMON_FILES"/>
  </resource>
  <resource identifier="RES-eXeREA_01_v0162c6c2ea27cdcf5fa428" type="webcontent" adlcp:scormtype="sco" href="crditos_y_fichero_fuente.html"> 
    <file href="crditos_y_fichero_fuente.html"/> 
    <file href="exe_html5.js"/>
    <file href="09a_322886_ball_and_chain_broken.png"/>
    <file href="15079856406_c18e632164_w.jpg"/>
    <file href="800px-Creative_Commons_Semaforoa.png"/>
    <file href="ActividadCC.png"/>
    <file href="Libre_del_copyright.png"/>
    <file href="Google_4.png"/>
    <file href="Google3.png"/>
    <file href="Google2.png"/>
    <file href="Google1.png"/>
    <file href="Buscar_imagen_CC.png"/>
    <file href="LicenciasCC.png"/>
    <file href="obras_protegidas2.png"/>
    <file href="Creative_Commons_world_network.png"/>
    <file href="exe_effects.css"/>
    <file href="exe_effects.js"/>
    <file href="2DAW_DIW_REA_01_v01.elp"/>
    <file href="udl-character-1.gif"/>
    <file href="udl-character-2.gif"/>
    <file href="udl-character-3.gif"/>
    <file href="udl-character-4.gif"/>
    <file href="udl-content.css"/>
    <file href="udl-content.js"/>
    <file href="udl-icons-sm.png"/>
    <file href="udl-icons.png"/>
    <file href="download-package-licenses.png"/>
    <file href="download-package.css"/>
    <dependency identifierref="COMMON_FILES"/>
  </resource>
  <resource identifier="COMMON_FILES" type="webcontent" adlcp:scormtype="asset">
    <file href="icon_write.png"/>
    <file href="_intef_print.png"/>
    <file href="config.xml"/>
    <file href="icon_beach.png"/>
    <file href="EncodeSans-Light_latin.woff2"/>
    <file href="icon_telescope.png"/>
    <file href="icon_share.png"/>
    <file href="_intef_licenses.gif"/>
    <file href="content.css"/>
    <file href="icon_compass.png"/>
    <file href="icon_footprints.png"/>
    <file href="nav.css"/>
    <file href="_intef_icons.png"/>
    <file href="icon_puzzle.png"/>
    <file href="icon_free_license.png"/>
    <file href="_intef_title_bg.png"/>
    <file href="icon_plus.png"/>
    <file href="EncodeSans-Light_latin-ext.woff2"/>
    <file href="icon_stars.png"/>
    <file href="icon_list.png"/>
    <file href="icon_edia.png"/>
    <file href="icon_think.png"/>
    <file href="icon_atom.png"/>
    <file href="icon_classroom.png"/>
    <file href="icon_presentation.png"/>
    <file href="EncodeSans-Light_vietnamese.woff2"/>
    <file href="icon_etwinning.png"/>
    <file href="_intef_bg.png"/>
    <file href="_intef_menu.gif"/>
    <file href="icon_tree.png"/>
    <file href="icon_talk.png"/>
    <file href="icon_network.png"/>
    <file href="_intef_footer.png"/>
    <file href="icon_gears.png"/>
    <file href="_intef_js.js"/>
    <file href="icon_camera.png"/>
    <file href="icon_microphone.png"/>
    <file href="icon_exe.png"/>
    <file href="icon_teacher_screen.png"/>
    <file href="icon_knowledge.png"/>
    <file href="_intef_left_column.gif"/>
    <file href="_intef_header.png"/>
    <file href="icon_bulb.png"/>
    <file href="icon_award.png"/>
    <file href="base.css"/>
    <file href="popup_bg.gif"/>
    <file href="SCORM_API_wrapper.js"/>
    <file href="SCOFunctions.js"/>
    <file href="common.js"/>
    <file href="common_i18n.js"/>
    <file href="exe_jquery.js"/>
    <file href="content.xsd"/>
    <file href="content.data"/>
    <file href="contentv3.xml"/>
    <file href="imslrm.xml"/>
  </resource>
</resources>
</manifest>
